id,datetime_jst,datetime_utc,country,currency,event,importance,importance_level,actual,forecast,previous,unit,source,notes,mute_before_min,mute_after_min
7,2025-06-01 01:31,2025-05-31 16:31,NZ,NZD,貿易収支,Medium,2,,,,十億,TEST,,15,15
4,2025-06-01 04:52,2025-05-31 19:52,UK,GBP,GDP(前期比),High,3,,,,%,TEST,,30,30
1,2025-06-01 07:13,2025-05-31 22:13,US,USD,政策金利発表,High,3,,,,%,TEST,,30,30
5,2025-06-01 11:05,2025-06-01 02:05,AU,AUD,失業率,High,3,,,,%,TEST,,30,30
2,2025-06-01 14:26,2025-06-01 05:26,JP,JPY,消費者物価指数CPI(前年比),High,3,,,,%,TEST,,30,30
6,2025-06-01 18:18,2025-06-01 09:18,CA,CAD,景況感指数,Medium,2,,,,指数,TEST,,15,15
3,2025-06-01 21:39,2025-06-01 12:39,EU,EUR,小売売上高(前月比),High,3,,,,%,TEST,,30,30
14,2025-06-04 02:02,2025-06-03 17:02,NZ,NZD,GDP(前期比),High,3,,,,%,TEST,,30,30
11,2025-06-04 05:23,2025-06-03 20:23,UK,GBP,政策金利発表,High,3,,,,%,TEST,,30,30
8,2025-06-04 08:44,2025-06-03 23:44,US,USD,住宅着工件数,Medium,2,,,,千件,TEST,,15,15
12,2025-06-04 12:36,2025-06-04 03:36,AU,AUD,消費者物価指数CPI(前年比),High,3,,,,%,TEST,,30,30
9,2025-06-04 15:57,2025-06-04 06:57,JP,JPY,鉱工業生産,Low,1,,,,%,TEST,,15,15
13,2025-06-04 19:49,2025-06-04 10:49,CA,CAD,小売売上高(前月比),High,3,,,,%,TEST,,30,30
10,2025-06-04 22:10,2025-06-04 13:10,EU,EUR,雇用統計 非農業部門雇用者数,High,3,,,,千人,TEST,,30,30
21,2025-06-07 03:33,2025-06-06 18:33,NZ,NZD,政策金利発表,High,3,,,,%,TEST,,30,30
18,2025-06-07 06:54,2025-06-06 21:54,UK,GBP,住宅着工件数,Medium,2,,,,千件,TEST,,15,15
15,2025-06-07 09:15,2025-06-07 00:15,US,USD,失業率,High,3,,,,%,TEST,,30,30
19,2025-06-07 13:07,2025-06-07 04:07,AU,AUD,鉱工業生産,Low,1,,,,%,TEST,,15,15
16,2025-06-07 16:28,2025-06-07 07:28,JP,JPY,景況感指数,Medium,2,,,,指数,TEST,,15,15
20,2025-06-07 20:20,2025-06-07 11:20,CA,CAD,雇用統計 非農業部門雇用者数,High,3,,,,千人,TEST,,30,30
17,2025-06-07 23:41,2025-06-07 14:41,EU,EUR,貿易収支,Medium,2,,,,十億,TEST,,15,15
24,2025-06-10 00:12,2025-06-09 15:12,EU,EUR,GDP(前期比),High,3,,,,%,TEST,,30,30
28,2025-06-10 04:04,2025-06-09 19:04,NZ,NZD,住宅着工件数,Medium,2,,,,千件,TEST,,15,15
25,2025-06-10 07:25,2025-06-09 22:25,UK,GBP,失業率,High,3,,,,%,TEST,,30,30
22,2025-06-10 10:46,2025-06-10 01:46,US,USD,消費者物価指数CPI(前年比),High,3,,,,%,TEST,,30,30
26,2025-06-10 14:38,2025-06-10 05:38,AU,AUD,景況感指数,Medium,2,,,,指数,TEST,,15,15
23,2025-06-10 17:59,2025-06-10 08:59,JP,JPY,小売売上高(前月比),High,3,,,,%,TEST,,30,30
27,2025-06-10 21:51,2025-06-10 12:51,CA,CAD,貿易収支,Medium,2,,,,十億,TEST,,15,15
31,2025-06-13 01:43,2025-06-12 16:43,EU,EUR,政策金利発表,High,3,,,,%,TEST,,30,30
35,2025-06-13 05:35,2025-06-12 20:35,NZ,NZD,失業率,High,3,,,,%,TEST,,30,30
32,2025-06-13 08:56,2025-06-12 23:56,UK,GBP,消費者物価指数CPI(前年比),High,3,,,,%,TEST,,30,30
29,2025-06-13 11:17,2025-06-13 02:17,US,USD,鉱工業生産,Low,1,,,,%,TEST,,15,15
33,2025-06-13 15:09,2025-06-13 06:09,AU,AUD,小売売上高(前月比),High,3,,,,%,TEST,,30,30
30,2025-06-13 18:30,2025-06-13 09:30,JP,JPY,雇用統計 非農業部門雇用者数,High,3,,,,千人,TEST,,30,30
34,2025-06-13 22:22,2025-06-13 13:22,CA,CAD,GDP(前期比),High,3,,,,%,TEST,,30,30
38,2025-06-16 02:14,2025-06-15 17:14,EU,EUR,住宅着工件数,Medium,2,,,,千件,TEST,,15,15
42,2025-06-16 06:06,2025-06-15 21:06,NZ,NZD,消費者物価指数CPI(前年比),High,3,,,,%,TEST,,30,30
39,2025-06-16 09:27,2025-06-16 00:27,UK,GBP,鉱工業生産,Low,1,,,,%,TEST,,15,15
36,2025-06-16 12:48,2025-06-16 03:48,US,USD,景況感指数,Medium,2,,,,指数,TEST,,15,15
40,2025-06-16 16:40,2025-06-16 07:40,AU,AUD,雇用統計 非農業部門雇用者数,High,3,,,,千人,TEST,,30,30
37,2025-06-16 19:01,2025-06-16 10:01,JP,JPY,貿易収支,Medium,2,,,,十億,TEST,,15,15
41,2025-06-16 23:53,2025-06-16 14:53,CA,CAD,政策金利発表,High,3,,,,%,TEST,,30,30
48,2025-06-19 00:24,2025-06-18 15:24,CA,CAD,住宅着工件数,Medium,2,,,,千件,TEST,,15,15
45,2025-06-19 03:45,2025-06-18 18:45,EU,EUR,失業率,High,3,,,,%,TEST,,30,30
49,2025-06-19 07:37,2025-06-18 22:37,NZ,NZD,鉱工業生産,Low,1,,,,%,TEST,,15,15
46,2025-06-19 10:58,2025-06-19 01:58,UK,GBP,景況感指数,Medium,2,,,,指数,TEST,,15,15
43,2025-06-19 13:19,2025-06-19 04:19,US,USD,小売売上高(前月比),High,3,,,,%,TEST,,30,30
47,2025-06-19 17:11,2025-06-19 08:11,AU,AUD,貿易収支,Medium,2,,,,十億,TEST,,15,15
44,2025-06-19 20:32,2025-06-19 11:32,JP,JPY,GDP(前期比),High,3,,,,%,TEST,,30,30
55,2025-06-22 01:55,2025-06-21 16:55,CA,CAD,失業率,High,3,,,,%,TEST,,30,30
52,2025-06-22 04:16,2025-06-21 19:16,EU,EUR,消費者物価指数CPI(前年比),High,3,,,,%,TEST,,30,30
56,2025-06-22 08:08,2025-06-21 23:08,NZ,NZD,景況感指数,Medium,2,,,,指数,TEST,,15,15
53,2025-06-22 11:29,2025-06-22 02:29,UK,GBP,小売売上高(前月比),High,3,,,,%,TEST,,30,30
50,2025-06-22 14:50,2025-06-22 05:50,US,USD,雇用統計 非農業部門雇用者数,High,3,,,,千人,TEST,,30,30
54,2025-06-22 18:42,2025-06-22 09:42,AU,AUD,GDP(前期比),High,3,,,,%,TEST,,30,30
51,2025-06-22 21:03,2025-06-22 12:03,JP,JPY,政策金利発表,High,3,,,,%,TEST,,30,30
62,2025-06-25 02:26,2025-06-24 17:26,CA,CAD,消費者物価指数CPI(前年比),High,3,,,,%,TEST,,30,30
59,2025-06-25 05:47,2025-06-24 20:47,EU,EUR,鉱工業生産,Low,1,,,,%,TEST,,15,15
63,2025-06-25 09:39,2025-06-25 00:39,NZ,NZD,小売売上高(前月比),High,3,,,,%,TEST,,30,30
60,2025-06-25 12:00,2025-06-25 03:00,UK,GBP,雇用統計 非農業部門雇用者数,High,3,,,,千人,TEST,,30,30
57,2025-06-25 15:21,2025-06-25 06:21,US,USD,貿易収支,Medium,2,,,,十億,TEST,,15,15
61,2025-06-25 19:13,2025-06-25 10:13,AU,AUD,政策金利発表,High,3,,,,%,TEST,,30,30
58,2025-06-25 22:34,2025-06-25 13:34,JP,JPY,住宅着工件数,Medium,2,,,,千件,TEST,,15,15
69,2025-06-28 03:57,2025-06-27 18:57,CA,CAD,鉱工業生産,Low,1,,,,%,TEST,,15,15
66,2025-06-28 06:18,2025-06-27 21:18,EU,EUR,景況感指数,Medium,2,,,,指数,TEST,,15,15
70,2025-06-28 10:10,2025-06-28 01:10,NZ,NZD,雇用統計 非農業部門雇用者数,High,3,,,,千人,TEST,,30,30
67,2025-06-28 13:31,2025-06-28 04:31,UK,GBP,貿易収支,Medium,2,,,,十億,TEST,,15,15
64,2025-06-28 16:52,2025-06-28 07:52,US,USD,GDP(前期比),High,3,,,,%,TEST,,30,30
68,2025-06-28 20:44,2025-06-28 11:44,AU,AUD,住宅着工件数,Medium,2,,,,千件,TEST,,15,15
65,2025-06-28 23:05,2025-06-28 14:05,JP,JPY,失業率,High,3,,,,%,TEST,,30,30
72,2025-07-01 00:36,2025-06-30 15:36,JP,JPY,消費者物価指数CPI(前年比),High,3,,,,%,TEST,,30,30
76,2025-07-01 04:28,2025-06-30 19:28,CA,CAD,景況感指数,Medium,2,,,,指数,TEST,,15,15
73,2025-07-01 07:49,2025-06-30 22:49,EU,EUR,小売売上高(前月比),High,3,,,,%,TEST,,30,30
77,2025-07-01 11:41,2025-07-01 02:41,NZ,NZD,貿易収支,Medium,2,,,,十億,TEST,,15,15
74,2025-07-01 14:02,2025-07-01 05:02,UK,GBP,GDP(前期比),High,3,,,,%,TEST,,30,30
71,2025-07-01 17:23,2025-07-01 08:23,US,USD,政策金利発表,High,3,,,,%,TEST,,30,30
75,2025-07-01 21:15,2025-07-01 12:15,AU,AUD,失業率,High,3,,,,%,TEST,,30,30
79,2025-07-04 01:07,2025-07-03 16:07,JP,JPY,鉱工業生産,Low,1,,,,%,TEST,,15,15
83,2025-07-04 05:59,2025-07-03 20:59,CA,CAD,小売売上高(前月比),High,3,,,,%,TEST,,30,30
80,2025-07-04 08:20,2025-07-03 23:20,EU,EUR,雇用統計 非農業部門雇用者数,High,3,,,,千人,TEST,,30,30
84,2025-07-04 12:12,2025-07-04 03:12,NZ,NZD,GDP(前期比),High,3,,,,%,TEST,,30,30
81,2025-07-04 15:33,2025-07-04 06:33,UK,GBP,政策金利発表,High,3,,,,%,TEST,,30,30
78,2025-07-04 18:54,2025-07-04 09:54,US,USD,住宅着工件数,Medium,2,,,,千件,TEST,,15,15
82,2025-07-04 22:46,2025-07-04 13:46,AU,AUD,消費者物価指数CPI(前年比),High,3,,,,%,TEST,,30,30
86,2025-07-07 02:38,2025-07-06 17:38,JP,JPY,景況感指数,Medium,2,,,,指数,TEST,,15,15
90,2025-07-07 06:30,2025-07-06 21:30,CA,CAD,雇用統計 非農業部門雇用者数,High,3,,,,千人,TEST,,30,30
87,2025-07-07 09:51,2025-07-07 00:51,EU,EUR,貿易収支,Medium,2,,,,十億,TEST,,15,15
91,2025-07-07 13:43,2025-07-07 04:43,NZ,NZD,政策金利発表,High,3,,,,%,TEST,,30,30
88,2025-07-07 16:04,2025-07-07 07:04,UK,GBP,住宅着工件数,Medium,2,,,,千件,TEST,,15,15
85,2025-07-07 19:25,2025-07-07 10:25,US,USD,失業率,High,3,,,,%,TEST,,30,30
89,2025-07-07 23:17,2025-07-07 14:17,AU,AUD,鉱工業生産,Low,1,,,,%,TEST,,15,15
96,2025-07-10 00:48,2025-07-09 15:48,AU,AUD,景況感指数,Medium,2,,,,指数,TEST,,15,15
93,2025-07-10 03:09,2025-07-09 18:09,JP,JPY,小売売上高(前月比),High,3,,,,%,TEST,,30,30
97,2025-07-10 07:01,2025-07-09 22:01,CA,CAD,貿易収支,Medium,2,,,,十億,TEST,,15,15
94,2025-07-10 10:22,2025-07-10 01:22,EU,EUR,GDP(前期比),High,3,,,,%,TEST,,30,30
98,2025-07-10 14:14,2025-07-10 05:14,NZ,NZD,住宅着工件数,Medium,2,,,,千件,TEST,,15,15
95,2025-07-10 17:35,2025-07-10 08:35,UK,GBP,失業率,High,3,,,,%,TEST,,30,30
92,2025-07-10 20:56,2025-07-10 11:56,US,USD,消費者物価指数CPI(前年比),High,3,,,,%,TEST,,30,30
103,2025-07-13 01:19,2025-07-12 16:19,AU,AUD,小売売上高(前月比),High,3,,,,%,TEST,,30,30
100,2025-07-13 04:40,2025-07-12 19:40,JP,JPY,雇用統計 非農業部門雇用者数,High,3,,,,千人,TEST,,30,30
104,2025-07-13 08:32,2025-07-12 23:32,CA,CAD,GDP(前期比),High,3,,,,%,TEST,,30,30
101,2025-07-13 11:53,2025-07-13 02:53,EU,EUR,政策金利発表,High,3,,,,%,TEST,,30,30
105,2025-07-13 15:45,2025-07-13 06:45,NZ,NZD,失業率,High,3,,,,%,TEST,,30,30
102,2025-07-13 18:06,2025-07-13 09:06,UK,GBP,消費者物価指数CPI(前年比),High,3,,,,%,TEST,,30,30
99,2025-07-13 21:27,2025-07-13 12:27,US,USD,鉱工業生産,Low,1,,,,%,TEST,,15,15
110,2025-07-16 02:50,2025-07-15 17:50,AU,AUD,雇用統計 非農業部門雇用者数,High,3,,,,千人,TEST,,30,30
107,2025-07-16 05:11,2025-07-15 20:11,JP,JPY,貿易収支,Medium,2,,,,十億,TEST,,15,15
111,2025-07-16 09:03,2025-07-16 00:03,CA,CAD,政策金利発表,High,3,,,,%,TEST,,30,30
108,2025-07-16 12:24,2025-07-16 03:24,EU,EUR,住宅着工件数,Medium,2,,,,千件,TEST,,15,15
112,2025-07-16 16:16,2025-07-16 07:16,NZ,NZD,消費者物価指数CPI(前年比),High,3,,,,%,TEST,,30,30
109,2025-07-16 19:37,2025-07-16 10:37,UK,GBP,鉱工業生産,Low,1,,,,%,TEST,,15,15
106,2025-07-16 22:58,2025-07-16 13:58,US,USD,景況感指数,Medium,2,,,,指数,TEST,,15,15
117,2025-07-19 03:21,2025-07-18 18:21,AU,AUD,貿易収支,Medium,2,,,,十億,TEST,,15,15
114,2025-07-19 06:42,2025-07-18 21:42,JP,JPY,GDP(前期比),High,3,,,,%,TEST,,30,30
118,2025-07-19 10:34,2025-07-19 01:34,CA,CAD,住宅着工件数,Medium,2,,,,千件,TEST,,15,15
115,2025-07-19 13:55,2025-07-19 04:55,EU,EUR,失業率,High,3,,,,%,TEST,,30,30
119,2025-07-19 17:47,2025-07-19 08:47,NZ,NZD,鉱工業生産,Low,1,,,,%,TEST,,15,15
116,2025-07-19 20:08,2025-07-19 11:08,UK,GBP,景況感指数,Medium,2,,,,指数,TEST,,15,15
113,2025-07-19 23:29,2025-07-19 14:29,US,USD,小売売上高(前月比),High,3,,,,%,TEST,,30,30
120,2025-07-22 00:00,2025-07-21 15:00,US,USD,雇用統計 非農業部門雇用者数,High,3,,,,千人,TEST,,30,30
124,2025-07-22 04:52,2025-07-21 19:52,AU,AUD,GDP(前期比),High,3,,,,%,TEST,,30,30
121,2025-07-22 07:13,2025-07-21 22:13,JP,JPY,政策金利発表,High,3,,,,%,TEST,,30,30
125,2025-07-22 11:05,2025-07-22 02:05,CA,CAD,失業率,High,3,,,,%,TEST,,30,30
122,2025-07-22 14:26,2025-07-22 05:26,EU,EUR,消費者物価指数CPI(前年比),High,3,,,,%,TEST,,30,30
126,2025-07-22 18:18,2025-07-22 09:18,NZ,NZD,景況感指数,Medium,2,,,,指数,TEST,,15,15
123,2025-07-22 21:39,2025-07-22 12:39,UK,GBP,小売売上高(前月比),High,3,,,,%,TEST,,30,30
127,2025-07-25 01:31,2025-07-24 16:31,US,USD,貿易収支,Medium,2,,,,十億,TEST,,15,15
131,2025-07-25 05:23,2025-07-24 20:23,AU,AUD,政策金利発表,High,3,,,,%,TEST,,30,30
128,2025-07-25 08:44,2025-07-24 23:44,JP,JPY,住宅着工件数,Medium,2,,,,千件,TEST,,15,15
132,2025-07-25 12:36,2025-07-25 03:36,CA,CAD,消費者物価指数CPI(前年比),High,3,,,,%,TEST,,30,30
129,2025-07-25 15:57,2025-07-25 06:57,EU,EUR,鉱工業生産,Low,1,,,,%,TEST,,15,15
133,2025-07-25 19:49,2025-07-25 10:49,NZ,NZD,小売売上高(前月比),High,3,,,,%,TEST,,30,30
130,2025-07-25 22:10,2025-07-25 13:10,UK,GBP,雇用統計 非農業部門雇用者数,High,3,,,,千人,TEST,,30,30
134,2025-07-28 02:02,2025-07-27 17:02,US,USD,GDP(前期比),High,3,,,,%,TEST,,30,30
138,2025-07-28 06:54,2025-07-27 21:54,AU,AUD,住宅着工件数,Medium,2,,,,千件,TEST,,15,15
135,2025-07-28 09:15,2025-07-28 00:15,JP,JPY,失業率,High,3,,,,%,TEST,,30,30
139,2025-07-28 13:07,2025-07-28 04:07,CA,CAD,鉱工業生産,Low,1,,,,%,TEST,,15,15
136,2025-07-28 16:28,2025-07-28 07:28,EU,EUR,景況感指数,Medium,2,,,,指数,TEST,,15,15
140,2025-07-28 20:20,2025-07-28 11:20,NZ,NZD,雇用統計 非農業部門雇用者数,High,3,,,,千人,TEST,,30,30
137,2025-07-28 23:41,2025-07-28 14:41,UK,GBP,貿易収支,Medium,2,,,,十億,TEST,,15,15
144,2025-07-31 00:12,2025-07-30 15:12,UK,GBP,GDP(前期比),High,3,,,,%,TEST,,30,30
141,2025-07-31 03:33,2025-07-30 18:33,US,USD,政策金利発表,High,3,,,,%,TEST,,30,30
145,2025-07-31 07:25,2025-07-30 22:25,AU,AUD,失業率,High,3,,,,%,TEST,,30,30
142,2025-07-31 10:46,2025-07-31 01:46,JP,JPY,消費者物価指数CPI(前年比),High,3,,,,%,TEST,,30,30
146,2025-07-31 14:38,2025-07-31 05:38,CA,CAD,景況感指数,Medium,2,,,,指数,TEST,,15,15
143,2025-07-31 17:59,2025-07-31 08:59,EU,EUR,小売売上高(前月比),High,3,,,,%,TEST,,30,30
147,2025-07-31 21:51,2025-07-31 12:51,NZ,NZD,貿易収支,Medium,2,,,,十億,TEST,,15,15
151,2025-08-03 01:43,2025-08-02 16:43,UK,GBP,政策金利発表,High,3,,,,%,TEST,,30,30
148,2025-08-03 04:04,2025-08-02 19:04,US,USD,住宅着工件数,Medium,2,,,,千件,TEST,,15,15
152,2025-08-03 08:56,2025-08-02 23:56,AU,AUD,消費者物価指数CPI(前年比),High,3,,,,%,TEST,,30,30
149,2025-08-03 11:17,2025-08-03 02:17,JP,JPY,鉱工業生産,Low,1,,,,%,TEST,,15,15
153,2025-08-03 15:09,2025-08-03 06:09,CA,CAD,小売売上高(前月比),High,3,,,,%,TEST,,30,30
150,2025-08-03 18:30,2025-08-03 09:30,EU,EUR,雇用統計 非農業部門雇用者数,High,3,,,,千人,TEST,,30,30
154,2025-08-03 22:22,2025-08-03 13:22,NZ,NZD,GDP(前期比),High,3,,,,%,TEST,,30,30
158,2025-08-06 02:14,2025-08-05 17:14,UK,GBP,住宅着工件数,Medium,2,,,,千件,TEST,,15,15
155,2025-08-06 05:35,2025-08-05 20:35,US,USD,失業率,High,3,,,,%,TEST,,30,30
159,2025-08-06 09:27,2025-08-06 00:27,AU,AUD,鉱工業生産,Low,1,,,,%,TEST,,15,15
156,2025-08-06 12:48,2025-08-06 03:48,JP,JPY,景況感指数,Medium,2,,,,指数,TEST,,15,15
160,2025-08-06 16:40,2025-08-06 07:40,CA,CAD,雇用統計 非農業部門雇用者数,High,3,,,,千人,TEST,,30,30
157,2025-08-06 19:01,2025-08-06 10:01,EU,EUR,貿易収支,Medium,2,,,,十億,TEST,,15,15
161,2025-08-06 23:53,2025-08-06 14:53,NZ,NZD,政策金利発表,High,3,,,,%,TEST,,30,30
168,2025-08-09 00:24,2025-08-08 15:24,NZ,NZD,住宅着工件数,Medium,2,,,,千件,TEST,,15,15
165,2025-08-09 03:45,2025-08-08 18:45,UK,GBP,失業率,High,3,,,,%,TEST,,30,30
162,2025-08-09 06:06,2025-08-08 21:06,US,USD,消費者物価指数CPI(前年比),High,3,,,,%,TEST,,30,30
166,2025-08-09 10:58,2025-08-09 01:58,AU,AUD,景況感指数,Medium,2,,,,指数,TEST,,15,15
163,2025-08-09 13:19,2025-08-09 04:19,JP,JPY,小売売上高(前月比),High,3,,,,%,TEST,,30,30
167,2025-08-09 17:11,2025-08-09 08:11,CA,CAD,貿易収支,Medium,2,,,,十億,TEST,,15,15
164,2025-08-09 20:32,2025-08-09 11:32,EU,EUR,GDP(前期比),High,3,,,,%,TEST,,30,30
175,2025-08-12 01:55,2025-08-11 16:55,NZ,NZD,失業率,High,3,,,,%,TEST,,30,30
172,2025-08-12 04:16,2025-08-11 19:16,UK,GBP,消費者物価指数CPI(前年比),High,3,,,,%,TEST,,30,30
169,2025-08-12 07:37,2025-08-11 22:37,US,USD,鉱工業生産,Low,1,,,,%,TEST,,15,15
173,2025-08-12 11:29,2025-08-12 02:29,AU,AUD,小売売上高(前月比),High,3,,,,%,TEST,,30,30
170,2025-08-12 14:50,2025-08-12 05:50,JP,JPY,雇用統計 非農業部門雇用者数,High,3,,,,千人,TEST,,30,30
174,2025-08-12 18:42,2025-08-12 09:42,CA,CAD,GDP(前期比),High,3,,,,%,TEST,,30,30
171,2025-08-12 21:03,2025-08-12 12:03,EU,EUR,政策金利発表,High,3,,,,%,TEST,,30,30
182,2025-08-15 02:26,2025-08-14 17:26,NZ,NZD,消費者物価指数CPI(前年比),High,3,,,,%,TEST,,30,30
179,2025-08-15 05:47,2025-08-14 20:47,UK,GBP,鉱工業生産,Low,1,,,,%,TEST,,15,15
176,2025-08-15 08:08,2025-08-14 23:08,US,USD,景況感指数,Medium,2,,,,指数,TEST,,15,15
180,2025-08-15 12:00,2025-08-15 03:00,AU,AUD,雇用統計 非農業部門雇用者数,High,3,,,,千人,TEST,,30,30
177,2025-08-15 15:21,2025-08-15 06:21,JP,JPY,貿易収支,Medium,2,,,,十億,TEST,,15,15
181,2025-08-15 19:13,2025-08-15 10:13,CA,CAD,政策金利発表,High,3,,,,%,TEST,,30,30
178,2025-08-15 22:34,2025-08-15 13:34,EU,EUR,住宅着工件数,Medium,2,,,,千件,TEST,,15,15
189,2025-08-18 03:57,2025-08-17 18:57,NZ,NZD,鉱工業生産,Low,1,,,,%,TEST,,15,15
186,2025-08-18 06:18,2025-08-17 21:18,UK,GBP,景況感指数,Medium,2,,,,指数,TEST,,15,15
183,2025-08-18 09:39,2025-08-18 00:39,US,USD,小売売上高(前月比),High,3,,,,%,TEST,,30,30
187,2025-08-18 13:31,2025-08-18 04:31,AU,AUD,貿易収支,Medium,2,,,,十億,TEST,,15,15
184,2025-08-18 16:52,2025-08-18 07:52,JP,JPY,GDP(前期比),High,3,,,,%,TEST,,30,30
188,2025-08-18 20:44,2025-08-18 11:44,CA,CAD,住宅着工件数,Medium,2,,,,千件,TEST,,15,15
185,2025-08-18 23:05,2025-08-18 14:05,EU,EUR,失業率,High,3,,,,%,TEST,,30,30
192,2025-08-21 00:36,2025-08-20 15:36,EU,EUR,消費者物価指数CPI(前年比),High,3,,,,%,TEST,,30,30
196,2025-08-21 04:28,2025-08-20 19:28,NZ,NZD,景況感指数,Medium,2,,,,指数,TEST,,15,15
193,2025-08-21 07:49,2025-08-20 22:49,UK,GBP,小売売上高(前月比),High,3,,,,%,TEST,,30,30
190,2025-08-21 10:10,2025-08-21 01:10,US,USD,雇用統計 非農業部門雇用者数,High,3,,,,千人,TEST,,30,30
194,2025-08-21 14:02,2025-08-21 05:02,AU,AUD,GDP(前期比),High,3,,,,%,TEST,,30,30
191,2025-08-21 17:23,2025-08-21 08:23,JP,JPY,政策金利発表,High,3,,,,%,TEST,,30,30
195,2025-08-21 21:15,2025-08-21 12:15,CA,CAD,失業率,High,3,,,,%,TEST,,30,30
199,2025-08-24 01:07,2025-08-23 16:07,EU,EUR,鉱工業生産,Low,1,,,,%,TEST,,15,15
203,2025-08-24 05:59,2025-08-23 20:59,NZ,NZD,小売売上高(前月比),High,3,,,,%,TEST,,30,30
200,2025-08-24 08:20,2025-08-23 23:20,UK,GBP,雇用統計 非農業部門雇用者数,High,3,,,,千人,TEST,,30,30
197,2025-08-24 11:41,2025-08-24 02:41,US,USD,貿易収支,Medium,2,,,,十億,TEST,,15,15
201,2025-08-24 15:33,2025-08-24 06:33,AU,AUD,政策金利発表,High,3,,,,%,TEST,,30,30
198,2025-08-24 18:54,2025-08-24 09:54,JP,JPY,住宅着工件数,Medium,2,,,,千件,TEST,,15,15
202,2025-08-24 22:46,2025-08-24 13:46,CA,CAD,消費者物価指数CPI(前年比),High,3,,,,%,TEST,,30,30
206,2025-08-27 02:38,2025-08-26 17:38,EU,EUR,景況感指数,Medium,2,,,,指数,TEST,,15,15
210,2025-08-27 06:30,2025-08-26 21:30,NZ,NZD,雇用統計 非農業部門雇用者数,High,3,,,,千人,TEST,,30,30
207,2025-08-27 09:51,2025-08-27 00:51,UK,GBP,貿易収支,Medium,2,,,,十億,TEST,,15,15
204,2025-08-27 12:12,2025-08-27 03:12,US,USD,GDP(前期比),High,3,,,,%,TEST,,30,30
208,2025-08-27 16:04,2025-08-27 07:04,AU,AUD,住宅着工件数,Medium,2,,,,千件,TEST,,15,15
205,2025-08-27 19:25,2025-08-27 10:25,JP,JPY,失業率,High,3,,,,%,TEST,,30,30
209,2025-08-27 23:17,2025-08-27 14:17,CA,CAD,鉱工業生産,Low,1,,,,%,TEST,,15,15
216,2025-08-30 00:48,2025-08-29 15:48,CA,CAD,景況感指数,Medium,2,,,,指数,TEST,,15,15
213,2025-08-30 03:09,2025-08-29 18:09,EU,EUR,小売売上高(前月比),High,3,,,,%,TEST,,30,30
217,2025-08-30 07:01,2025-08-29 22:01,NZ,NZD,貿易収支,Medium,2,,,,十億,TEST,,15,15
214,2025-08-30 10:22,2025-08-30 01:22,UK,GBP,GDP(前期比),High,3,,,,%,TEST,,30,30
211,2025-08-30 13:43,2025-08-30 04:43,US,USD,政策金利発表,High,3,,,,%,TEST,,30,30
215,2025-08-30 17:35,2025-08-30 08:35,AU,AUD,失業率,High,3,,,,%,TEST,,30,30
212,2025-08-30 20:56,2025-08-30 11:56,JP,JPY,消費者物価指数CPI(前年比),High,3,,,,%,TEST,,30,30
223,2025-09-02 01:19,2025-09-01 16:19,CA,CAD,小売売上高(前月比),High,3,,,,%,TEST,,30,30
220,2025-09-02 04:40,2025-09-01 19:40,EU,EUR,雇用統計 非農業部門雇用者数,High,3,,,,千人,TEST,,30,30
224,2025-09-02 08:32,2025-09-01 23:32,NZ,NZD,GDP(前期比),High,3,,,,%,TEST,,30,30
221,2025-09-02 11:53,2025-09-02 02:53,UK,GBP,政策金利発表,High,3,,,,%,TEST,,30,30
218,2025-09-02 14:14,2025-09-02 05:14,US,USD,住宅着工件数,Medium,2,,,,千件,TEST,,15,15
222,2025-09-02 18:06,2025-09-02 09:06,AU,AUD,消費者物価指数CPI(前年比),High,3,,,,%,TEST,,30,30
219,2025-09-02 21:27,2025-09-02 12:27,JP,JPY,鉱工業生産,Low,1,,,,%,TEST,,15,15
230,2025-09-05 02:50,2025-09-04 17:50,CA,CAD,雇用統計 非農業部門雇用者数,High,3,,,,千人,TEST,,30,30
227,2025-09-05 05:11,2025-09-04 20:11,EU,EUR,貿易収支,Medium,2,,,,十億,TEST,,15,15
231,2025-09-05 09:03,2025-09-05 00:03,NZ,NZD,政策金利発表,High,3,,,,%,TEST,,30,30
228,2025-09-05 12:24,2025-09-05 03:24,UK,GBP,住宅着工件数,Medium,2,,,,千件,TEST,,15,15
225,2025-09-05 15:45,2025-09-05 06:45,US,USD,失業率,High,3,,,,%,TEST,,30,30
229,2025-09-05 19:37,2025-09-05 10:37,AU,AUD,鉱工業生産,Low,1,,,,%,TEST,,15,15
226,2025-09-05 22:58,2025-09-05 13:58,JP,JPY,景況感指数,Medium,2,,,,指数,TEST,,15,15
237,2025-09-08 03:21,2025-09-07 18:21,CA,CAD,貿易収支,Medium,2,,,,十億,TEST,,15,15
234,2025-09-08 06:42,2025-09-07 21:42,EU,EUR,GDP(前期比),High,3,,,,%,TEST,,30,30
238,2025-09-08 10:34,2025-09-08 01:34,NZ,NZD,住宅着工件数,Medium,2,,,,千件,TEST,,15,15
235,2025-09-08 13:55,2025-09-08 04:55,UK,GBP,失業率,High,3,,,,%,TEST,,30,30
232,2025-09-08 16:16,2025-09-08 07:16,US,USD,消費者物価指数CPI(前年比),High,3,,,,%,TEST,,30,30
236,2025-09-08 20:08,2025-09-08 11:08,AU,AUD,景況感指数,Medium,2,,,,指数,TEST,,15,15
233,2025-09-08 23:29,2025-09-08 14:29,JP,JPY,小売売上高(前月比),High,3,,,,%,TEST,,30,30
240,2025-09-11 00:00,2025-09-10 15:00,JP,JPY,雇用統計 非農業部門雇用者数,High,3,,,,千人,TEST,,30,30
244,2025-09-11 04:52,2025-09-10 19:52,CA,CAD,GDP(前期比),High,3,,,,%,TEST,,30,30
241,2025-09-11 07:13,2025-09-10 22:13,EU,EUR,政策金利発表,High,3,,,,%,TEST,,30,30
245,2025-09-11 11:05,2025-09-11 02:05,NZ,NZD,失業率,High,3,,,,%,TEST,,30,30
242,2025-09-11 14:26,2025-09-11 05:26,UK,GBP,消費者物価指数CPI(前年比),High,3,,,,%,TEST,,30,30
239,2025-09-11 17:47,2025-09-11 08:47,US,USD,鉱工業生産,Low,1,,,,%,TEST,,15,15
243,2025-09-11 21:39,2025-09-11 12:39,AU,AUD,小売売上高(前月比),High,3,,,,%,TEST,,30,30
247,2025-09-14 01:31,2025-09-13 16:31,JP,JPY,貿易収支,Medium,2,,,,十億,TEST,,15,15
251,2025-09-14 05:23,2025-09-13 20:23,CA,CAD,政策金利発表,High,3,,,,%,TEST,,30,30
248,2025-09-14 08:44,2025-09-13 23:44,EU,EUR,住宅着工件数,Medium,2,,,,千件,TEST,,15,15
252,2025-09-14 12:36,2025-09-14 03:36,NZ,NZD,消費者物価指数CPI(前年比),High,3,,,,%,TEST,,30,30
249,2025-09-14 15:57,2025-09-14 06:57,UK,GBP,鉱工業生産,Low,1,,,,%,TEST,,15,15
246,2025-09-14 18:18,2025-09-14 09:18,US,USD,景況感指数,Medium,2,,,,指数,TEST,,15,15
250,2025-09-14 22:10,2025-09-14 13:10,AU,AUD,雇用統計 非農業部門雇用者数,High,3,,,,千人,TEST,,30,30
254,2025-09-17 02:02,2025-09-16 17:02,JP,JPY,GDP(前期比),High,3,,,,%,TEST,,30,30
258,2025-09-17 06:54,2025-09-16 21:54,CA,CAD,住宅着工件数,Medium,2,,,,千件,TEST,,15,15
255,2025-09-17 09:15,2025-09-17 00:15,EU,EUR,失業率,High,3,,,,%,TEST,,30,30
259,2025-09-17 13:07,2025-09-17 04:07,NZ,NZD,鉱工業生産,Low,1,,,,%,TEST,,15,15
256,2025-09-17 16:28,2025-09-17 07:28,UK,GBP,景況感指数,Medium,2,,,,指数,TEST,,15,15
253,2025-09-17 19:49,2025-09-17 10:49,US,USD,小売売上高(前月比),High,3,,,,%,TEST,,30,30
257,2025-09-17 23:41,2025-09-17 14:41,AU,AUD,貿易収支,Medium,2,,,,十億,TEST,,15,15
264,2025-09-20 00:12,2025-09-19 15:12,AU,AUD,GDP(前期比),High,3,,,,%,TEST,,30,30
261,2025-09-20 03:33,2025-09-19 18:33,JP,JPY,政策金利発表,High,3,,,,%,TEST,,30,30
265,2025-09-20 07:25,2025-09-19 22:25,CA,CAD,失業率,High,3,,,,%,TEST,,30,30
262,2025-09-20 10:46,2025-09-20 01:46,EU,EUR,消費者物価指数CPI(前年比),High,3,,,,%,TEST,,30,30
266,2025-09-20 14:38,2025-09-20 05:38,NZ,NZD,景況感指数,Medium,2,,,,指数,TEST,,15,15
263,2025-09-20 17:59,2025-09-20 08:59,UK,GBP,小売売上高(前月比),High,3,,,,%,TEST,,30,30
260,2025-09-20 20:20,2025-09-20 11:20,US,USD,雇用統計 非農業部門雇用者数,High,3,,,,千人,TEST,,30,30
271,2025-09-23 01:43,2025-09-22 16:43,AU,AUD,政策金利発表,High,3,,,,%,TEST,,30,30
268,2025-09-23 04:04,2025-09-22 19:04,JP,JPY,住宅着工件数,Medium,2,,,,千件,TEST,,15,15
272,2025-09-23 08:56,2025-09-22 23:56,CA,CAD,消費者物価指数CPI(前年比),High,3,,,,%,TEST,,30,30
269,2025-09-23 11:17,2025-09-23 02:17,EU,EUR,鉱工業生産,Low,1,,,,%,TEST,,15,15
273,2025-09-23 15:09,2025-09-23 06:09,NZ,NZD,小売売上高(前月比),High,3,,,,%,TEST,,30,30
270,2025-09-23 18:30,2025-09-23 09:30,UK,GBP,雇用統計 非農業部門雇用者数,High,3,,,,千人,TEST,,30,30
267,2025-09-23 21:51,2025-09-23 12:51,US,USD,貿易収支,Medium,2,,,,十億,TEST,,15,15
278,2025-09-26 02:14,2025-09-25 17:14,AU,AUD,住宅着工件数,Medium,2,,,,千件,TEST,,15,15
275,2025-09-26 05:35,2025-09-25 20:35,JP,JPY,失業率,High,3,,,,%,TEST,,30,30
279,2025-09-26 09:27,2025-09-26 00:27,CA,CAD,鉱工業生産,Low,1,,,,%,TEST,,15,15
276,2025-09-26 12:48,2025-09-26 03:48,EU,EUR,景況感指数,Medium,2,,,,指数,TEST,,15,15
280,2025-09-26 16:40,2025-09-26 07:40,NZ,NZD,雇用統計 非農業部門雇用者数,High,3,,,,千人,TEST,,30,30
277,2025-09-26 19:01,2025-09-26 10:01,UK,GBP,貿易収支,Medium,2,,,,十億,TEST,,15,15
274,2025-09-26 22:22,2025-09-26 13:22,US,USD,GDP(前期比),High,3,,,,%,TEST,,30,30
285,2025-09-29 03:45,2025-09-28 18:45,AU,AUD,失業率,High,3,,,,%,TEST,,30,30
282,2025-09-29 06:06,2025-09-28 21:06,JP,JPY,消費者物価指数CPI(前年比),High,3,,,,%,TEST,,30,30
286,2025-09-29 10:58,2025-09-29 01:58,CA,CAD,景況感指数,Medium,2,,,,指数,TEST,,15,15
283,2025-09-29 13:19,2025-09-29 04:19,EU,EUR,小売売上高(前月比),High,3,,,,%,TEST,,30,30
287,2025-09-29 17:11,2025-09-29 08:11,NZ,NZD,貿易収支,Medium,2,,,,十億,TEST,,15,15
284,2025-09-29 20:32,2025-09-29 11:32,UK,GBP,GDP(前期比),High,3,,,,%,TEST,,30,30
281,2025-09-29 23:53,2025-09-29 14:53,US,USD,政策金利発表,High,3,,,,%,TEST,,30,30
288,2025-10-02 00:24,2025-10-01 15:24,US,USD,住宅着工件数,Medium,2,,,,千件,TEST,,15,15
292,2025-10-02 04:16,2025-10-01 19:16,AU,AUD,消費者物価指数CPI(前年比),High,3,,,,%,TEST,,30,30
289,2025-10-02 07:37,2025-10-01 22:37,JP,JPY,鉱工業生産,Low,1,,,,%,TEST,,15,15
293,2025-10-02 11:29,2025-10-02 02:29,CA,CAD,小売売上高(前月比),High,3,,,,%,TEST,,30,30
290,2025-10-02 14:50,2025-10-02 05:50,EU,EUR,雇用統計 非農業部門雇用者数,High,3,,,,千人,TEST,,30,30
294,2025-10-02 18:42,2025-10-02 09:42,NZ,NZD,GDP(前期比),High,3,,,,%,TEST,,30,30
291,2025-10-02 21:03,2025-10-02 12:03,UK,GBP,政策金利発表,High,3,,,,%,TEST,,30,30
295,2025-10-05 01:55,2025-10-04 16:55,US,USD,失業率,High,3,,,,%,TEST,,30,30
299,2025-10-05 05:47,2025-10-04 20:47,AU,AUD,鉱工業生産,Low,1,,,,%,TEST,,15,15
296,2025-10-05 08:08,2025-10-04 23:08,JP,JPY,景況感指数,Medium,2,,,,指数,TEST,,15,15
300,2025-10-05 12:00,2025-10-05 03:00,CA,CAD,雇用統計 非農業部門雇用者数,High,3,,,,千人,TEST,,30,30
297,2025-10-05 15:21,2025-10-05 06:21,EU,EUR,貿易収支,Medium,2,,,,十億,TEST,,15,15
301,2025-10-05 19:13,2025-10-05 10:13,NZ,NZD,政策金利発表,High,3,,,,%,TEST,,30,30
298,2025-10-05 22:34,2025-10-05 13:34,UK,GBP,住宅着工件数,Medium,2,,,,千件,TEST,,15,15
302,2025-10-08 02:26,2025-10-07 17:26,US,USD,消費者物価指数CPI(前年比),High,3,,,,%,TEST,,30,30
306,2025-10-08 06:18,2025-10-07 21:18,AU,AUD,景況感指数,Medium,2,,,,指数,TEST,,15,15
303,2025-10-08 09:39,2025-10-08 00:39,JP,JPY,小売売上高(前月比),High,3,,,,%,TEST,,30,30
307,2025-10-08 13:31,2025-10-08 04:31,CA,CAD,貿易収支,Medium,2,,,,十億,TEST,,15,15
304,2025-10-08 16:52,2025-10-08 07:52,EU,EUR,GDP(前期比),High,3,,,,%,TEST,,30,30
308,2025-10-08 20:44,2025-10-08 11:44,NZ,NZD,住宅着工件数,Medium,2,,,,千件,TEST,,15,15
305,2025-10-08 23:05,2025-10-08 14:05,UK,GBP,失業率,High,3,,,,%,TEST,,30,30
312,2025-10-11 00:36,2025-10-10 15:36,UK,GBP,消費者物価指数CPI(前年比),High,3,,,,%,TEST,,30,30
309,2025-10-11 03:57,2025-10-10 18:57,US,USD,鉱工業生産,Low,1,,,,%,TEST,,15,15
313,2025-10-11 07:49,2025-10-10 22:49,AU,AUD,小売売上高(前月比),High,3,,,,%,TEST,,30,30
310,2025-10-11 10:10,2025-10-11 01:10,JP,JPY,雇用統計 非農業部門雇用者数,High,3,,,,千人,TEST,,30,30
314,2025-10-11 14:02,2025-10-11 05:02,CA,CAD,GDP(前期比),High,3,,,,%,TEST,,30,30
311,2025-10-11 17:23,2025-10-11 08:23,EU,EUR,政策金利発表,High,3,,,,%,TEST,,30,30
315,2025-10-11 21:15,2025-10-11 12:15,NZ,NZD,失業率,High,3,,,,%,TEST,,30,30
319,2025-10-14 01:07,2025-10-13 16:07,UK,GBP,鉱工業生産,Low,1,,,,%,TEST,,15,15
316,2025-10-14 04:28,2025-10-13 19:28,US,USD,景況感指数,Medium,2,,,,指数,TEST,,15,15
320,2025-10-14 08:20,2025-10-13 23:20,AU,AUD,雇用統計 非農業部門雇用者数,High,3,,,,千人,TEST,,30,30
317,2025-10-14 11:41,2025-10-14 02:41,JP,JPY,貿易収支,Medium,2,,,,十億,TEST,,15,15
321,2025-10-14 15:33,2025-10-14 06:33,CA,CAD,政策金利発表,High,3,,,,%,TEST,,30,30
318,2025-10-14 18:54,2025-10-14 09:54,EU,EUR,住宅着工件数,Medium,2,,,,千件,TEST,,15,15
322,2025-10-14 22:46,2025-10-14 13:46,NZ,NZD,消費者物価指数CPI(前年比),High,3,,,,%,TEST,,30,30
326,2025-10-17 02:38,2025-10-16 17:38,UK,GBP,景況感指数,Medium,2,,,,指数,TEST,,15,15
323,2025-10-17 05:59,2025-10-16 20:59,US,USD,小売売上高(前月比),High,3,,,,%,TEST,,30,30
327,2025-10-17 09:51,2025-10-17 00:51,AU,AUD,貿易収支,Medium,2,,,,十億,TEST,,15,15
324,2025-10-17 12:12,2025-10-17 03:12,JP,JPY,GDP(前期比),High,3,,,,%,TEST,,30,30
328,2025-10-17 16:04,2025-10-17 07:04,CA,CAD,住宅着工件数,Medium,2,,,,千件,TEST,,15,15
325,2025-10-17 19:25,2025-10-17 10:25,EU,EUR,失業率,High,3,,,,%,TEST,,30,30
329,2025-10-17 23:17,2025-10-17 14:17,NZ,NZD,鉱工業生産,Low,1,,,,%,TEST,,15,15
336,2025-10-20 00:48,2025-10-19 15:48,NZ,NZD,景況感指数,Medium,2,,,,指数,TEST,,15,15
333,2025-10-20 03:09,2025-10-19 18:09,UK,GBP,小売売上高(前月比),High,3,,,,%,TEST,,30,30
330,2025-10-20 06:30,2025-10-19 21:30,US,USD,雇用統計 非農業部門雇用者数,High,3,,,,千人,TEST,,30,30
334,2025-10-20 10:22,2025-10-20 01:22,AU,AUD,GDP(前期比),High,3,,,,%,TEST,,30,30
331,2025-10-20 13:43,2025-10-20 04:43,JP,JPY,政策金利発表,High,3,,,,%,TEST,,30,30
335,2025-10-20 17:35,2025-10-20 08:35,CA,CAD,失業率,High,3,,,,%,TEST,,30,30
332,2025-10-20 20:56,2025-10-20 11:56,EU,EUR,消費者物価指数CPI(前年比),High,3,,,,%,TEST,,30,30
343,2025-10-23 01:19,2025-10-22 16:19,NZ,NZD,小売売上高(前月比),High,3,,,,%,TEST,,30,30
340,2025-10-23 04:40,2025-10-22 19:40,UK,GBP,雇用統計 非農業部門雇用者数,High,3,,,,千人,TEST,,30,30
337,2025-10-23 07:01,2025-10-22 22:01,US,USD,貿易収支,Medium,2,,,,十億,TEST,,15,15
341,2025-10-23 11:53,2025-10-23 02:53,AU,AUD,政策金利発表,High,3,,,,%,TEST,,30,30
338,2025-10-23 14:14,2025-10-23 05:14,JP,JPY,住宅着工件数,Medium,2,,,,千件,TEST,,15,15
342,2025-10-23 18:06,2025-10-23 09:06,CA,CAD,消費者物価指数CPI(前年比),High,3,,,,%,TEST,,30,30
339,2025-10-23 21:27,2025-10-23 12:27,EU,EUR,鉱工業生産,Low,1,,,,%,TEST,,15,15
350,2025-10-26 02:50,2025-10-25 17:50,NZ,NZD,雇用統計 非農業部門雇用者数,High,3,,,,千人,TEST,,30,30
347,2025-10-26 05:11,2025-10-25 20:11,UK,GBP,貿易収支,Medium,2,,,,十億,TEST,,15,15
344,2025-10-26 08:32,2025-10-25 23:32,US,USD,GDP(前期比),High,3,,,,%,TEST,,30,30
348,2025-10-26 12:24,2025-10-26 03:24,AU,AUD,住宅着工件数,Medium,2,,,,千件,TEST,,15,15
345,2025-10-26 15:45,2025-10-26 06:45,JP,JPY,失業率,High,3,,,,%,TEST,,30,30
349,2025-10-26 19:37,2025-10-26 10:37,CA,CAD,鉱工業生産,Low,1,,,,%,TEST,,15,15
346,2025-10-26 22:58,2025-10-26 13:58,EU,EUR,景況感指数,Medium,2,,,,指数,TEST,,15,15
357,2025-10-29 03:21,2025-10-28 18:21,NZ,NZD,貿易収支,Medium,2,,,,十億,TEST,,15,15
354,2025-10-29 06:42,2025-10-28 21:42,UK,GBP,GDP(前期比),High,3,,,,%,TEST,,30,30
351,2025-10-29 09:03,2025-10-29 00:03,US,USD,政策金利発表,High,3,,,,%,TEST,,30,30
355,2025-10-29 13:55,2025-10-29 04:55,AU,AUD,失業率,High,3,,,,%,TEST,,30,30
352,2025-10-29 16:16,2025-10-29 07:16,JP,JPY,消費者物価指数CPI(前年比),High,3,,,,%,TEST,,30,30
356,2025-10-29 20:08,2025-10-29 11:08,CA,CAD,景況感指数,Medium,2,,,,指数,TEST,,15,15
353,2025-10-29 23:29,2025-10-29 14:29,EU,EUR,小売売上高(前月比),High,3,,,,%,TEST,,30,30
360,2025-11-01 00:00,2025-10-31 15:00,EU,EUR,雇用統計 非農業部門雇用者数,High,3,,,,千人,TEST,,30,30
364,2025-11-01 04:52,2025-10-31 19:52,NZ,NZD,GDP(前期比),High,3,,,,%,TEST,,30,30
361,2025-11-01 07:13,2025-10-31 22:13,UK,GBP,政策金利発表,High,3,,,,%,TEST,,30,30
358,2025-11-01 10:34,2025-11-01 01:34,US,USD,住宅着工件数,Medium,2,,,,千件,TEST,,15,15
362,2025-11-01 14:26,2025-11-01 05:26,AU,AUD,消費者物価指数CPI(前年比),High,3,,,,%,TEST,,30,30
359,2025-11-01 17:47,2025-11-01 08:47,JP,JPY,鉱工業生産,Low,1,,,,%,TEST,,15,15
363,2025-11-01 21:39,2025-11-01 12:39,CA,CAD,小売売上高(前月比),High,3,,,,%,TEST,,30,30
367,2025-11-04 01:31,2025-11-03 16:31,EU,EUR,貿易収支,Medium,2,,,,十億,TEST,,15,15
371,2025-11-04 05:23,2025-11-03 20:23,NZ,NZD,政策金利発表,High,3,,,,%,TEST,,30,30
368,2025-11-04 08:44,2025-11-03 23:44,UK,GBP,住宅着工件数,Medium,2,,,,千件,TEST,,15,15
365,2025-11-04 11:05,2025-11-04 02:05,US,USD,失業率,High,3,,,,%,TEST,,30,30
369,2025-11-04 15:57,2025-11-04 06:57,AU,AUD,鉱工業生産,Low,1,,,,%,TEST,,15,15
366,2025-11-04 18:18,2025-11-04 09:18,JP,JPY,景況感指数,Medium,2,,,,指数,TEST,,15,15
370,2025-11-04 22:10,2025-11-04 13:10,CA,CAD,雇用統計 非農業部門雇用者数,High,3,,,,千人,TEST,,30,30
374,2025-11-07 02:02,2025-11-06 17:02,EU,EUR,GDP(前期比),High,3,,,,%,TEST,,30,30
378,2025-11-07 06:54,2025-11-06 21:54,NZ,NZD,住宅着工件数,Medium,2,,,,千件,TEST,,15,15
375,2025-11-07 09:15,2025-11-07 00:15,UK,GBP,失業率,High,3,,,,%,TEST,,30,30
372,2025-11-07 12:36,2025-11-07 03:36,US,USD,消費者物価指数CPI(前年比),High,3,,,,%,TEST,,30,30
376,2025-11-07 16:28,2025-11-07 07:28,AU,AUD,景況感指数,Medium,2,,,,指数,TEST,,15,15
373,2025-11-07 19:49,2025-11-07 10:49,JP,JPY,小売売上高(前月比),High,3,,,,%,TEST,,30,30
377,2025-11-07 23:41,2025-11-07 14:41,CA,CAD,貿易収支,Medium,2,,,,十億,TEST,,15,15
384,2025-11-10 00:12,2025-11-09 15:12,CA,CAD,GDP(前期比),High,3,,,,%,TEST,,30,30
381,2025-11-10 03:33,2025-11-09 18:33,EU,EUR,政策金利発表,High,3,,,,%,TEST,,30,30
385,2025-11-10 07:25,2025-11-09 22:25,NZ,NZD,失業率,High,3,,,,%,TEST,,30,30
382,2025-11-10 10:46,2025-11-10 01:46,UK,GBP,消費者物価指数CPI(前年比),High,3,,,,%,TEST,,30,30
379,2025-11-10 13:07,2025-11-10 04:07,US,USD,鉱工業生産,Low,1,,,,%,TEST,,15,15
383,2025-11-10 17:59,2025-11-10 08:59,AU,AUD,小売売上高(前月比),High,3,,,,%,TEST,,30,30
380,2025-11-10 20:20,2025-11-10 11:20,JP,JPY,雇用統計 非農業部門雇用者数,High,3,,,,千人,TEST,,30,30
391,2025-11-13 01:43,2025-11-12 16:43,CA,CAD,政策金利発表,High,3,,,,%,TEST,,30,30
388,2025-11-13 04:04,2025-11-12 19:04,EU,EUR,住宅着工件数,Medium,2,,,,千件,TEST,,15,15
392,2025-11-13 08:56,2025-11-12 23:56,NZ,NZD,消費者物価指数CPI(前年比),High,3,,,,%,TEST,,30,30
389,2025-11-13 11:17,2025-11-13 02:17,UK,GBP,鉱工業生産,Low,1,,,,%,TEST,,15,15
386,2025-11-13 14:38,2025-11-13 05:38,US,USD,景況感指数,Medium,2,,,,指数,TEST,,15,15
390,2025-11-13 18:30,2025-11-13 09:30,AU,AUD,雇用統計 非農業部門雇用者数,High,3,,,,千人,TEST,,30,30
387,2025-11-13 21:51,2025-11-13 12:51,JP,JPY,貿易収支,Medium,2,,,,十億,TEST,,15,15
398,2025-11-16 02:14,2025-11-15 17:14,CA,CAD,住宅着工件数,Medium,2,,,,千件,TEST,,15,15
395,2025-11-16 05:35,2025-11-15 20:35,EU,EUR,失業率,High,3,,,,%,TEST,,30,30
399,2025-11-16 09:27,2025-11-16 00:27,NZ,NZD,鉱工業生産,Low,1,,,,%,TEST,,15,15
396,2025-11-16 12:48,2025-11-16 03:48,UK,GBP,景況感指数,Medium,2,,,,指数,TEST,,15,15
393,2025-11-16 15:09,2025-11-16 06:09,US,USD,小売売上高(前月比),High,3,,,,%,TEST,,30,30
397,2025-11-16 19:01,2025-11-16 10:01,AU,AUD,貿易収支,Medium,2,,,,十億,TEST,,15,15
394,2025-11-16 22:22,2025-11-16 13:22,JP,JPY,GDP(前期比),High,3,,,,%,TEST,,30,30
405,2025-11-19 03:45,2025-11-18 18:45,CA,CAD,失業率,High,3,,,,%,TEST,,30,30
402,2025-11-19 06:06,2025-11-18 21:06,EU,EUR,消費者物価指数CPI(前年比),High,3,,,,%,TEST,,30,30
406,2025-11-19 10:58,2025-11-19 01:58,NZ,NZD,景況感指数,Medium,2,,,,指数,TEST,,15,15
403,2025-11-19 13:19,2025-11-19 04:19,UK,GBP,小売売上高(前月比),High,3,,,,%,TEST,,30,30
400,2025-11-19 16:40,2025-11-19 07:40,US,USD,雇用統計 非農業部門雇用者数,High,3,,,,千人,TEST,,30,30
404,2025-11-19 20:32,2025-11-19 11:32,AU,AUD,GDP(前期比),High,3,,,,%,TEST,,30,30
401,2025-11-19 23:53,2025-11-19 14:53,JP,JPY,政策金利発表,High,3,,,,%,TEST,,30,30
408,2025-11-22 00:24,2025-11-21 15:24,JP,JPY,住宅着工件数,Medium,2,,,,千件,TEST,,15,15
412,2025-11-22 04:16,2025-11-21 19:16,CA,CAD,消費者物価指数CPI(前年比),High,3,,,,%,TEST,,30,30
409,2025-11-22 07:37,2025-11-21 22:37,EU,EUR,鉱工業生産,Low,1,,,,%,TEST,,15,15
413,2025-11-22 11:29,2025-11-22 02:29,NZ,NZD,小売売上高(前月比),High,3,,,,%,TEST,,30,30
410,2025-11-22 14:50,2025-11-22 05:50,UK,GBP,雇用統計 非農業部門雇用者数,High,3,,,,千人,TEST,,30,30
407,2025-11-22 17:11,2025-11-22 08:11,US,USD,貿易収支,Medium,2,,,,十億,TEST,,15,15
411,2025-11-22 21:03,2025-11-22 12:03,AU,AUD,政策金利発表,High,3,,,,%,TEST,,30,30
415,2025-11-25 01:55,2025-11-24 16:55,JP,JPY,失業率,High,3,,,,%,TEST,,30,30
419,2025-11-25 05:47,2025-11-24 20:47,CA,CAD,鉱工業生産,Low,1,,,,%,TEST,,15,15
416,2025-11-25 08:08,2025-11-24 23:08,EU,EUR,景況感指数,Medium,2,,,,指数,TEST,,15,15
420,2025-11-25 12:00,2025-11-25 03:00,NZ,NZD,雇用統計 非農業部門雇用者数,High,3,,,,千人,TEST,,30,30
417,2025-11-25 15:21,2025-11-25 06:21,UK,GBP,貿易収支,Medium,2,,,,十億,TEST,,15,15
414,2025-11-25 18:42,2025-11-25 09:42,US,USD,GDP(前期比),High,3,,,,%,TEST,,30,30
418,2025-11-25 22:34,2025-11-25 13:34,AU,AUD,住宅着工件数,Medium,2,,,,千件,TEST,,15,15
422,2025-11-28 02:26,2025-11-27 17:26,JP,JPY,消費者物価指数CPI(前年比),High,3,,,,%,TEST,,30,30
426,2025-11-28 06:18,2025-11-27 21:18,CA,CAD,景況感指数,Medium,2,,,,指数,TEST,,15,15
423,2025-11-28 09:39,2025-11-28 00:39,EU,EUR,小売売上高(前月比),High,3,,,,%,TEST,,30,30
427,2025-11-28 13:31,2025-11-28 04:31,NZ,NZD,貿易収支,Medium,2,,,,十億,TEST,,15,15
424,2025-11-28 16:52,2025-11-28 07:52,UK,GBP,GDP(前期比),High,3,,,,%,TEST,,30,30
421,2025-11-28 19:13,2025-11-28 10:13,US,USD,政策金利発表,High,3,,,,%,TEST,,30,30
425,2025-11-28 23:05,2025-11-28 14:05,AU,AUD,失業率,High,3,,,,%,TEST,,30,30
